Person_0,23:39:12,2025-12-06
Person_1,23:39:12,2025-12-06
Person_2,23:39:12,2025-12-06
Person_3,23:39:12,2025-12-06
Person_4,23:39:12,2025-12-06
Person_5,23:39:12,2025-12-06
Person_6,23:39:12,2025-12-06
Person_7,23:39:12,2025-12-06
Person_8,23:39:12,2025-12-06
Person_9,23:39:12,2025-12-06
Person_10,23:39:12,2025-12-06
Person_11,23:39:12,2025-12-06
Person_12,23:39:12,2025-12-06
Person_13,23:39:12,2025-12-06
Person_14,23:39:12,2025-12-06
Person_15,23:39:12,2025-12-06
Person_16,23:39:12,2025-12-06
Person_17,23:39:12,2025-12-06
Person_18,23:39:12,2025-12-06
Person_19,23:39:12,2025-12-06
Person_20,23:39:12,2025-12-06
Person_21,23:39:12,2025-12-06
Person_22,23:39:12,2025-12-06
Person_23,23:39:12,2025-12-06
Person_24,23:39:13,2025-12-06
Person_25,23:39:13,2025-12-06
Person_26,23:39:20,2025-12-06
Person_27,23:39:20,2025-12-06
Person_28,23:39:20,2025-12-06
Person_29,23:39:20,2025-12-06
Person_30,23:39:20,2025-12-06
Person_31,23:39:20,2025-12-06
Person_32,23:39:20,2025-12-06
Person_33,23:39:20,2025-12-06
Person_34,23:39:20,2025-12-06
Person_35,23:39:20,2025-12-06
Person_36,23:39:20,2025-12-06
Person_37,23:39:20,2025-12-06
Person_38,23:39:20,2025-12-06
Person_39,23:39:20,2025-12-06
Person_40,23:39:20,2025-12-06
Person_41,23:39:20,2025-12-06
Person_42,23:39:20,2025-12-06
Person_43,23:39:20,2025-12-06
Person_44,23:39:20,2025-12-06
Person_45,23:39:20,2025-12-06
Person_46,23:39:20,2025-12-06
Person_47,23:39:20,2025-12-06
Person_48,23:39:20,2025-12-06
Person_49,23:39:20,2025-12-06
Person_50,23:39:20,2025-12-06
Person_51,23:39:20,2025-12-06
Person_52,23:39:20,2025-12-06
Person_53,23:39:20,2025-12-06
Person_54,23:39:20,2025-12-06
Person_55,23:39:21,2025-12-06
Person_56,23:39:21,2025-12-06
Person_57,23:39:21,2025-12-06
Person_58,23:39:21,2025-12-06
Person_59,23:39:21,2025-12-06
Person_60,23:39:21,2025-12-06
Person_61,23:39:21,2025-12-06
Person_62,23:39:21,2025-12-06
Person_63,23:39:21,2025-12-06
Person_64,23:39:21,2025-12-06
Person_65,23:39:21,2025-12-06
Person_66,23:39:21,2025-12-06
Person_67,23:39:21,2025-12-06
Person_68,23:39:21,2025-12-06
Person_69,23:39:21,2025-12-06
Person_70,23:39:21,2025-12-06
Person_71,23:39:21,2025-12-06
Person_72,23:39:21,2025-12-06
Person_73,23:39:21,2025-12-06
Person_74,23:39:21,2025-12-06
Person_75,23:39:21,2025-12-06
Person_76,23:39:21,2025-12-06
Person_77,23:39:21,2025-12-06
Person_78,23:39:21,2025-12-06
Person_79,23:39:21,2025-12-06
Person_80,23:39:21,2025-12-06
Person_81,23:39:21,2025-12-06
Person_82,23:39:21,2025-12-06
Person_83,23:39:21,2025-12-06
Person_84,23:39:21,2025-12-06
Person_85,23:39:22,2025-12-06
Person_86,23:39:22,2025-12-06
Person_87,23:39:22,2025-12-06
Person_88,23:39:22,2025-12-06
Person_89,23:39:22,2025-12-06
Person_90,23:39:22,2025-12-06
Person_91,23:39:22,2025-12-06
Person_92,23:39:22,2025-12-06
Person_93,23:39:22,2025-12-06
Person_94,23:39:22,2025-12-06
Person_95,23:39:22,2025-12-06
Person_96,23:39:22,2025-12-06
Person_97,23:39:22,2025-12-06
Person_98,23:39:22,2025-12-06
Person_99,23:39:22,2025-12-06
Person_100,23:39:22,2025-12-06
Person_101,23:39:22,2025-12-06
Person_102,23:39:22,2025-12-06
Person_103,23:39:22,2025-12-06
Person_104,23:39:22,2025-12-06
Person_105,23:39:22,2025-12-06
Person_106,23:39:22,2025-12-06
Person_107,23:39:22,2025-12-06
Person_108,23:39:22,2025-12-06
Person_109,23:39:22,2025-12-06
Person_110,23:39:22,2025-12-06
Person_111,23:39:22,2025-12-06
Person_112,23:39:22,2025-12-06
Person_113,23:39:22,2025-12-06
Person_114,23:39:22,2025-12-06
Person_115,23:39:22,2025-12-06
Person_116,23:39:23,2025-12-06
Person_117,23:39:23,2025-12-06
Person_118,23:39:23,2025-12-06
Person_119,23:39:23,2025-12-06
Person_120,23:39:23,2025-12-06
Person_121,23:39:23,2025-12-06
Person_122,23:39:23,2025-12-06
Person_123,23:39:23,2025-12-06
Person_124,23:39:23,2025-12-06
Person_125,23:39:23,2025-12-06
Person_126,23:39:23,2025-12-06
Person_127,23:39:23,2025-12-06
Person_128,23:39:23,2025-12-06
Person_129,23:39:23,2025-12-06
Person_130,23:39:23,2025-12-06
Person_131,23:39:23,2025-12-06
Person_132,23:39:23,2025-12-06
Person_133,23:39:23,2025-12-06
Person_134,23:39:23,2025-12-06
Person_135,23:39:23,2025-12-06
Person_136,23:39:23,2025-12-06
Person_137,23:39:23,2025-12-06
Person_138,23:39:23,2025-12-06
Person_139,23:39:23,2025-12-06
Person_140,23:39:24,2025-12-06
Person_141,23:39:24,2025-12-06
Person_142,23:39:24,2025-12-06
Person_143,23:39:24,2025-12-06
Person_144,23:39:24,2025-12-06
Person_145,23:39:24,2025-12-06
Person_146,23:39:24,2025-12-06
Person_147,23:39:24,2025-12-06
Person_148,23:39:24,2025-12-06
Person_149,23:39:24,2025-12-06
Person_150,23:39:24,2025-12-06
Person_151,23:39:24,2025-12-06
Person_152,23:39:25,2025-12-06
Person_153,23:39:25,2025-12-06
Person_154,23:39:25,2025-12-06
Person_155,23:39:25,2025-12-06
Person_156,23:39:25,2025-12-06
Person_157,23:39:25,2025-12-06
Person_158,23:39:25,2025-12-06
Person_159,23:39:25,2025-12-06
Person_160,23:39:26,2025-12-06
Person_161,23:39:26,2025-12-06
Person_162,23:39:26,2025-12-06
Person_163,23:39:26,2025-12-06
Person_164,23:39:26,2025-12-06
Person_165,23:39:26,2025-12-06
Person_166,23:39:26,2025-12-06
Person_167,23:39:26,2025-12-06
Person_168,23:39:26,2025-12-06
Person_169,23:39:26,2025-12-06
Person_170,23:39:26,2025-12-06
Person_171,23:39:27,2025-12-06
Person_172,23:39:27,2025-12-06
Person_173,23:39:27,2025-12-06
Person_174,23:39:27,2025-12-06
Person_175,23:39:27,2025-12-06
Person_176,23:39:27,2025-12-06
Person_177,23:39:27,2025-12-06
Person_178,23:39:27,2025-12-06
Person_179,23:39:27,2025-12-06
Person_180,23:39:27,2025-12-06
Person_181,23:39:27,2025-12-06
Person_182,23:39:27,2025-12-06
Person_183,23:39:27,2025-12-06
Person_184,23:39:27,2025-12-06
Person_185,23:39:27,2025-12-06
Person_186,23:39:27,2025-12-06
Person_187,23:39:27,2025-12-06
Person_188,23:39:27,2025-12-06
Person_189,23:39:27,2025-12-06
Person_190,23:39:27,2025-12-06
Person_191,23:39:27,2025-12-06
Person_192,23:39:27,2025-12-06
Person_193,23:39:27,2025-12-06
Person_194,23:39:27,2025-12-06
Person_195,23:39:27,2025-12-06
Person_196,23:39:27,2025-12-06
Person_197,23:39:27,2025-12-06
Person_198,23:39:27,2025-12-06
Person_199,23:39:27,2025-12-06
Person_200,23:39:27,2025-12-06
Person_201,23:39:28,2025-12-06
Person_202,23:39:28,2025-12-06
Person_203,23:39:28,2025-12-06
Person_204,23:39:28,2025-12-06
Person_205,23:39:28,2025-12-06
Person_206,23:39:28,2025-12-06
Person_207,23:39:28,2025-12-06
Person_208,23:39:28,2025-12-06
Person_209,23:39:28,2025-12-06
Person_210,23:39:28,2025-12-06
Person_211,23:39:28,2025-12-06
Person_212,23:39:28,2025-12-06
Person_213,23:39:28,2025-12-06
Person_214,23:39:28,2025-12-06
Person_215,23:39:28,2025-12-06
Person_216,23:39:28,2025-12-06
Person_217,23:39:28,2025-12-06
Person_218,23:39:28,2025-12-06
Person_219,23:39:28,2025-12-06
Person_220,23:39:28,2025-12-06
Person_221,23:39:28,2025-12-06
Person_222,23:39:28,2025-12-06
Person_223,23:39:28,2025-12-06
Person_224,23:39:28,2025-12-06
Person_225,23:39:28,2025-12-06
Person_226,23:39:28,2025-12-06
Person_227,23:39:28,2025-12-06
Person_228,23:39:28,2025-12-06
Person_229,23:39:28,2025-12-06
Person_230,23:39:28,2025-12-06
Person_231,23:39:29,2025-12-06
Person_232,23:39:29,2025-12-06
Person_233,23:39:29,2025-12-06
Person_234,23:39:29,2025-12-06
Person_235,23:39:29,2025-12-06
Person_236,23:39:29,2025-12-06
Person_237,23:39:29,2025-12-06
Person_238,23:39:29,2025-12-06
Person_239,23:39:29,2025-12-06
Person_240,23:39:29,2025-12-06
Person_241,23:39:29,2025-12-06
Person_242,23:39:29,2025-12-06
Person_243,23:39:29,2025-12-06
Person_244,23:39:29,2025-12-06
John,23:41:09,2025-12-06
Emma,23:41:10,2025-12-06
Alex,23:41:10,2025-12-06
Sara,23:41:10,2025-12-06
Unknown,23:41:10,2025-12-06
bithu ,23:43:19,2025-12-06
Jyotiraditya Dash,23:44:38,2025-12-06
Bithu,2025-12-07,Sunday,00:01:25
bithu,2025-12-07,Sunday,00:02:58
